공고번호,공고명,수요기관,일시,차수,교과서 키워드,콘텐츠 키워드,플랫폼 키워드,이러닝 키워드,AI 키워드
20240432327,2024년 AI디지털교과서(코스웨어) 직무연수 위탁 운영 용역 공고,인천광역시교육청 인천광역시교육청교육과학정보원,2024-04-19 14:55:00,00,True,False,False,False,True
20240421364,APEC 디지털 교육 정책 포럼 행사 대행,(사)에이펙국제교육협력원,2024-04-17 17:44:00,02,False,False,False,False,False
20240427845,2024년 디지털 기반 수업혁신 교원역량강화 직무연수 위탁 운영,강원특별자치도교육청 강원특별자치도교육청교육연수원,2024-04-17 15:44:00,00,False,False,False,False,False
20240427288,2024년도 이러닝 콘텐츠 개발(디지털 신기술 1차),한국기술교육대학교,2024-04-17 14:31:00,00,False,True,False,True,False
20240427759,2024년도 이러닝 콘텐츠 개발(디지털 신기술 2차),한국기술교육대학교,2024-04-17 14:30:00,00,False,True,False,True,False
20240425906,2024년 K-디지털 트레이닝 해커톤 및 컨퍼런스 대행 용역,한국기술교육대학교 직업능력심사평가원,2024-04-16 20:07:00,00,False,False,False,False,False
20240425533,기본 교육과정 초등 3~4학년군 국어과 국정 AI 디지털교과서 개발,교육부 국립특수교육원 총무과,2024-04-16 17:13:00,00,True,False,False,False,True
20240414333,2024년 AI디지털교과서(코스웨어) 직무연수 위탁 운영 용역,인천광역시교육청 인천광역시교육청교육과학정보원,2024-04-16 10:02:00,01,True,False,False,False,True
20240418097,2024년 교류협력국(우간다 공화국) 교원 초청 디지털 교육 연수 용역,경기도교육청,2024-04-11 17:19:00,01,False,False,False,False,False
20240415652,구미중 및 양영디지털고 전기용량증설 전기공사 설계용역,경기도교육청 경기도성남교육지원청,2024-04-09 16:59:00,00,False,False,False,False,False
20240415165,디지털 평생교육체제 구축을 위한 성인의 디지털 역량 강화 방안 연구,국가평생교육진흥원,2024-04-09 10:23:00,00,False,False,False,False,False
20240411264,2024학년도 디지털 기반 교육혁신 하이터치-하이테크 교육 학교관리자 직무연수 운영 용,부산광역시교육청,2024-04-05 16:12:00,00,False,False,False,False,False
20240409106,2024년 디지털 기반 교육혁신 연구학교 효과성 사전사후 검사,한국교육학술정보원,2024-04-04 17:02:00,00,False,False,False,False,False
20240407625,2022 개정 교육과정 적용 방송중·고 디지털 학습 콘텐츠 1차년 개발 사업,한국교육개발원,2024-04-04 13:06:00,00,False,True,False,False,False
20240405890,초등 국어 AI 디지털교과서 서비스 모델 프로토타입 개발 연구(재공고),한국교육학술정보원,2024-04-03 11:33:00,00,True,False,False,False,True
20240405579,초등 사회 AI 디지털교과서 서비스 모델 및 프로토타입 개발(재공고),한국교육학술정보원,2024-04-03 10:26:00,00,True,False,False,False,True
20240405575,중등 기술가정 AI디지털교과서 서비스 모델 및 프로토타입 개발 연구,한국교육학술정보원,2024-04-03 10:24:00,00,True,False,False,False,True
20240405560,초등 실과 AI디지털교과서 서비스 모델 및 프로토타입 개발 연구 (재공고),한국교육학술정보원,2024-04-03 10:19:00,00,True,False,False,False,True
20240405540,2024년 초중등학교 디지털 전환 지표 개발 및 실태 조사,한국교육학술정보원,2024-04-03 10:16:00,00,False,False,False,False,False
20240403278,학교경영자 디지털 리더십 프로그램 설계 및 운영 방안 정책연구,교육부 중앙교육연수원,2024-04-02 11:11:00,00,False,False,False,False,False
20240400743,부산디지털고등학교 내진보강공사 설계용역,부산광역시교육청 부산디지털고등학교,2024-04-01 12:29:00,01,False,False,False,False,False
20240344923,2024년도 방송중·고 디지털 학습 콘텐츠 개발 및 유지관리 사업,한국교육개발원,2024-03-27 15:59:00,00,False,True,False,False,False
20240345039,"부산디지털대학교 2024-2학기, 2025-1학기 광고 기획 및 제작, 운영 업체 선정",교육인적자원부 부산디지털대학교,2024-03-27 11:11:00,00,False,False,False,False,False
20240342987,『2024 학교로 찾아가는 학생 디지털 성범죄 예방교육사업』위탁용역,서울특별시교육청,2024-03-26 13:41:00,00,False,False,False,False,False
20240320890,2024년 교류협력국 디지털 교육 지원(KLIC)사업 디지털 교육 인프라 운송용역,(사)에이펙국제교육협력원,2024-03-22 16:12:00,02,False,False,False,False,False
20240335093,학교경영자 디지털 리더십 프로그램 설계 및 운영 방안 정책연구,교육부 중앙교육연수원,2024-03-21 09:46:00,00,False,False,False,False,False
20240334130,중등 국어 AI 디지털교과서 서비스 모델 프로토타입 개발 연구,한국교육학술정보원,2024-03-20 16:30:00,00,True,False,False,False,True
20240334111,초등 국어 AI 디지털교과서 서비스 모델 프로토타입 개발 연구,한국교육학술정보원,2024-03-20 16:26:00,00,True,False,False,False,True
20240334049,중등 기술가정 AI디지털교과서 서비스 모델 및 프로토타입 개발 연구,한국교육학술정보원,2024-03-20 16:13:00,00,True,False,False,False,True
20240334038,중등 과학 AI 디지털교과서 서비스 모델 및 프로토타입 개발 연구,한국교육학술정보원,2024-03-20 16:12:00,00,True,False,False,False,True
20240333991,초등 과학 AI 디지털교과서 서비스 모델 및 프로토타입 개발 연구,한국교육학술정보원,2024-03-20 16:07:00,00,True,False,False,False,True
20240334006,초등 실과 AI디지털교과서 서비스 모델 및 프로토타입 개발 연구,한국교육학술정보원,2024-03-20 16:05:00,00,True,False,False,False,True
20240333925,초등 사회 AI 디지털교과서 서비스 모델 및 프로토타입 개발 연구,한국교육학술정보원,2024-03-20 15:56:00,00,True,False,False,False,True
20240327863,2024년 학생 디지털 리터러시 수준측정 미 발전방안 연구(수의시담),한국교육학술정보원,2024-03-18 14:44:00,00,False,False,False,False,False
20240326620,비전자문서 디지털화,한국교육학술정보원,2024-03-18 13:27:00,00,False,False,False,False,False
20240318706,기본 교육과정 초등 3~4학년군 국어과 국정 AI 디지털교과서 개발,교육부 국립특수교육원 총무과,2024-03-14 13:46:00,00,True,False,False,False,True
20240320074,2024년도 교류협력국 교원 초청 디지털교육연수 위탁 용역,서울특별시교육청,2024-03-14 10:49:00,00,False,False,False,False,False
20240320913,2024년 APEC 디지털 교육정책 연수 연수생 초청 용역 대행 전문 여행사 선정,(사)에이펙국제교육협력원,2024-03-13 23:01:00,00,False,False,False,False,False
20240305551,제1차 성인 디지털 문해능력 조사,국가평생교육진흥원,2024-03-12 16:40:00,00,False,False,False,False,False
20240233453,첨단 ICT활용 시범교실 구축운영 지원사업 첨단교실 및 디지털 교육 스튜디오 구축,(사)에이펙국제교육협력원,2024-03-08 17:55:00,02,False,False,False,False,False
20240231548,"교류협력국 디지털 교육지원사업 초청, 현지, 심화연수 항공권 발권 및 지원용역 전문 여행사",(사)에이펙국제교육협력원,2024-03-08 17:52:00,02,False,False,False,False,False
20240309762,2024년 디지털교육시스템 유지관리 및 기능개선 사업,한국교육개발원,2024-03-08 11:19:00,00,False,False,False,False,False
20240300231,2024년 디지털교육시스템 유지관리 및 기능개선 사업,한국교육개발원,2024-03-07 17:28:00,01,False,False,False,False,False
20240240894,2024년 디지털기반 학력향상 온(On)시스템 유지보수 용역,충청남도교육청 충청남도교육청교육과정평가정보원,2024-02-29 14:50:00,00,False,False,False,False,False
20240237640,K-디지털 기초역량훈련 훈련체계 분석 및 발전 방안 연구용역,한국기술교육대학교 직업능력심사평가원,2024-02-27 16:30:00,00,False,False,False,False,False
20240236550,2024년 학생 디지털 리터러시 수준측정 및 발전방안 연구,한국교육학술정보원,2024-02-27 13:47:00,00,False,False,False,False,False
20240226068,기본 교육과정 초등 3~4학년군 국어과 국정 AI 디지털교과서 개발,교육부 국립특수교육원 총무과,2024-02-20 16:03:00,00,True,False,False,False,True
20240224491,(긴급)2024년도 디지털 기반 인성체험 과정 운영 민간대행 입찰 재공고,부산광역시교육청 부산광역시교육청학생인성교육원,2024-02-19 16:50:00,00,False,False,False,False,False
20240214765,2024학년도 한국디지털미디어고등학교 청소.경비.시설관리원 용역업체 선정,경기도교육청 한국디지털미디어고등학교,2024-02-13 17:23:00,00,False,False,False,False,False
20240212593,USG공유대학 융합전공 및 공통교양 교과목 디지털 교재 개발 용역,경상국립대학교 경상남도지역혁신플랫폼총괄운영센터 대학교육혁신본부,2024-02-12 11:18:00,01,False,False,False,False,False
20240212595,USG공유대학 공통교양플랫폼 디지털 콘텐츠 임차 용역,경상국립대학교 경상남도지역혁신플랫폼총괄운영센터 대학교육혁신본부,2024-02-12 10:51:00,00,False,True,True,False,False
20240209791,2024학년도 제천디지털전자고등학교 통학버스 임차 용역 소액수의 견적 공고,충청북도교육청 제천디지털전자고등학교,2024-02-08 11:32:00,00,False,False,False,False,False
20240201374,(긴급)2024년도 디지털 기반 인성체험 과정 운영 민간대행 입찰 공고,부산광역시교육청 부산광역시교육청학생인성교육원,2024-02-05 10:02:00,00,False,False,False,False,False
20240133679,2024년 디지털 인재 양성을 위한 교원역량 강화 원격직무연수 민간 위탁운영,부산광역시교육청 부산광역시교육청교육연구정보원,2024-01-31 09:26:00,00,False,False,False,False,False
20240129000,부산디지털고등학교 2024학년도 운반위탁급식 납품업체 선청 긴급 입찰,부산광역시교육청 부산디지털고등학교,2024-01-26 09:41:00,00,False,False,False,False,False
20240120887,한국어능력시험(TOPIK) 디지털 전환에 따른 평가체계 개선 정책연구 용역,교육부 국립국제교육원,2024-01-19 18:08:00,00,False,False,False,False,False
20240120552,2024 디지털 선도학교 2차 워크숍 운영 용역 계약,서울특별시교육청,2024-01-19 17:41:00,00,False,False,False,False,False
20240120513,2024 디지털 선도학교 튜터 지원 사업,서울특별시교육청,2024-01-19 17:38:00,00,False,False,False,False,False
20240117034,AI 디지털교과서 도입과 연계한 학습데이터 활용 체계 구축,한국교육학술정보원,2024-01-18 14:09:00,00,True,False,False,False,True
20240109540,2023 디지털 기반 교육혁신 선도학교 대상 통신망 점검 및 개선,한국교육학술정보원,2024-01-12 15:16:00,00,False,False,False,False,False
20240107282,"경남항공고등학교 항공기계과 선반, 밀링 디지털스케일 수리용역 수의계약 안내 공고",경상남도교육청 경남항공고등학교,2024-01-09 15:18:00,00,False,False,False,False,False
20240104335,디지털대전환 시대 초등 교과용도서 관련 정책 방향,교육부,2024-01-05 15:23:00,00,False,False,False,False,False
20231242918,인공지능 기반 디지털 교수학습 플랫폼 다채움 유지관리 용역,충청북도교육청 충청북도교육연구정보원,2023-12-28 16:41:00,00,False,False,True,False,False
20231244115,디지털 기반 교육혁신 현장컨설팅(3개 권역) 운영 지원 용역,한국교육개발원,2023-12-28 09:14:00,00,False,False,False,False,False
20231232442,디지털대전환 시대 초등 교과용도서 관련 정책 방향,교육부,2023-12-18 16:54:00,00,False,False,False,False,False
20231220227,2024년 디지털 지식샘터 서비스 운영 및 유지관리,한국교육학술정보원,2023-12-13 15:03:00,00,False,False,False,False,False
20231216929,2023학년도 디지털 온 선도학교 디지털 역량 강화 학생연수 위탁용역,경상북도교육청 영천전자고등학교,2023-12-11 10:33:00,00,False,False,False,False,False
20231206647,2024년 창원도서관 디지털 영상관리 시스템 통합유지보수 용역 수의계약 안내 공고,경상남도교육청 창원도서관,2023-12-05 14:56:00,00,False,False,False,False,False
20231205939,디지털대전환 시대 초등 교과용도서 관련 정책 방향,교육부,2023-12-05 11:04:00,00,False,False,False,False,False
20231202106,2024학년도 한국디지털미디어고등학교 주제별 체험학습(수학여행) 위탁용역 입찰공고,경기도교육청 한국디지털미디어고등학교,2023-12-01 21:43:00,00,False,False,False,False,False
20231149236,군자디지털과학고 그린스마트스쿨 공간재구조화 전기공사 설계용역,경기도교육청 경기도시흥교육지원청,2023-11-30 16:25:00,00,False,False,False,False,False
20231146589,2024년 학교 디지털 교육 인프라 유지관리 용역,대구광역시교육청,2023-11-30 09:36:00,00,False,False,False,False,False
20231147083,군자디지털과학고 그린스마트스쿨 공간재구조화 소방공사 설계용역(재공고),경기도교육청 경기도시흥교육지원청,2023-11-29 17:38:00,00,False,False,False,False,False
20231146861,2024년 디지털교과서 서비스 운영 및 유지관리,한국교육학술정보원,2023-11-29 17:23:00,00,True,False,False,False,False
20231142827,양영디지털고 증개축 그린스마트 통신공사 감리용역,경기도교육청 경기도성남교육지원청,2023-11-28 19:42:00,00,False,False,False,False,False
20231142819,양영디지털고 증개축 그린스마트 전기공사 감리용역,경기도교육청 경기도성남교육지원청,2023-11-28 19:40:00,00,False,False,False,False,False
20231140812,디지털 시민교육 메타버스 구축 감리 용역,경기도교육청,2023-11-27 14:16:00,00,False,False,False,False,False
20231140901,디지털신기술분야 첨단교육훈련장비개발 선행 연구,한국기술교육대학교,2023-11-27 11:42:00,00,False,False,False,False,False
20231109876,[B-5] DGM 모빌리티디지털전환트랙 디지털트윈 3D 모델링 제작 용역,경북대학교 대구경북지역혁신플랫폼총괄운영센터 RIS대학교육혁신본부,2023-11-27 09:44:00,03,False,False,False,False,False
20231137546,군자디지털과학고 그린스마트스쿨 공간재구조화 소방공사 설계용역,경기도교육청 경기도시흥교육지원청,2023-11-23 18:02:00,00,False,False,False,False,False
20231132763,디지털대전환 시대 초등 교과용도서 관련 정책 방향,교육부,2023-11-21 17:33:00,00,False,False,False,False,False
20231129309,스마트설비 디지털트윈 시뮬레이터 개발 용역,한국기술교육대학교산학협력단,2023-11-20 17:07:00,02,False,False,False,False,False
20231124423,2024년 디지털교과서 서비스 운영 및 유지관리,한국교육학술정보원,2023-11-17 10:31:00,00,True,False,False,False,False
20231123655,양영디지털고 교사1호동 지정폐기물처리용역(장기계속),경기도교육청 경기도성남교육지원청,2023-11-16 15:39:00,00,False,False,False,False,False
20231119430,양영디지털고 교사1호동 석면해체 감리용역(장기계속),경기도교육청 경기도성남교육지원청,2023-11-14 14:56:00,00,False,False,False,False,False
20231117522,디지털신기술분야 인재양성 컨퍼런스 운영 용역 소액수의 견적 공고,한국기술교육대학교,2023-11-13 15:52:00,01,False,False,False,False,False
20231114765,2023년 AI·디지털교육 컨퍼런스 운영,서울특별시교육청,2023-11-10 16:26:00,00,False,False,False,False,True
20231108948,2024년 디지털 지식샘터 서비스 운영 및 유지관리,한국교육학술정보원,2023-11-07 17:14:00,00,False,False,False,False,False
20231108042,양영디지털고 교사1호동 석면해체 감리용역(장기계속),경기도교육청 경기도성남교육지원청,2023-11-07 13:35:00,00,False,False,False,False,False
20231105251,2023년 디지털 융합 건강생활실천 체험형교육 위탁용역,전라북도교육청,2023-11-03 16:34:00,00,False,False,False,False,False
20231100892,서울교육 디지털 아카이브 운영 및 서비스 기반 구축 사업,서울특별시교육청,2023-11-02 15:19:00,00,False,False,False,False,False
20231035037,[B-5] DGM 모빌리티디지털전환트랙 EV파워트레인 교육용 플랫폼 제작 용역,경북대학교 대구경북지역혁신플랫폼총괄운영센터 RIS대학교육혁신본부,2023-11-01 17:59:00,01,False,False,True,False,False
20231100005,서울교육 디지털 아카이브 운영 및 서비스 기반 구축 사업,서울특별시교육청,2023-11-01 14:26:00,01,False,False,False,False,False
20231100008,(긴급)2023년 디지털 기반 수업혁신 연수,서울특별시교육청,2023-11-01 09:33:00,00,False,False,False,False,False
20231033350,[긴급] 2023년 디지털 역량 진단 본조사 용역 재공고,재단법인경기도교육연구원,2023-10-30 09:37:00,00,False,False,False,False,False
20231033211,2024년도 방송중·고운영센터 및 디지털교육연구실 통합 CDN 서비스 운영 사업,한국교육개발원,2023-10-27 14:03:00,00,False,False,False,False,False
20231029325,2024년 디지털교과서 서비스 운영 및 유지관리,한국교육학술정보원,2023-10-26 09:51:00,00,True,False,False,False,False
20231021250,2024년 교원 전용 디지털콘텐츠 플랫폼 잇다 운영 및 유지관리,한국교육학술정보원,2023-10-19 13:02:00,00,False,True,True,False,False
20231015666,2023학년도 특성화고 맞춤형 디지털 역량강화 캠프 위탁용역,대전광역시교육청 대성여자고등학교,2023-10-16 15:46:00,00,False,False,False,False,False
20231013738,2023년 디지털 융합 건강생활실천 체험형교육 위탁용역,전라북도교육청,2023-10-13 16:22:00,00,False,False,False,False,False
20231013161,2023년 디지털 융합 건강생활실천 체험형교육 위탁용역,전라북도교육청,2023-10-13 14:11:00,01,False,False,False,False,False
20231008466,2023년 캠퍼스형 방과후학교 ICT스포츠디지털 체험 프로그램 위탁 용역,경상남도교육청 경상남도진주교육지원청,2023-10-11 18:04:00,00,False,False,False,False,False
20231007664,[긴급] 2023년 디지털 역량 진단 본조사 용역,재단법인경기도교육연구원,2023-10-11 09:14:00,00,False,False,False,False,False
20231008090,2023년 해외 초·중등학교 한국어 디지털 교재 제작,재단법인 국제한국어교육재단,2023-10-10 17:36:00,00,False,False,False,False,False
20231003827,2023학년도 천곡중학교 디지털 역사관 구축 용역 2단계(규격가격동시) 입찰 공고,광주광역시교육청 광주광역시서부교육지원청 천곡중학교,2023-10-06 12:56:00,00,False,False,False,False,False
20231003354,USG공유대학 디지털 교재 플랫폼 구축 용역,경상국립대학교 경상남도지역혁신플랫폼총괄운영센터 대학교육혁신본부,2023-10-05 15:29:00,00,False,False,True,False,False
20230930406,2023년 해외 초·중등학교 한국어 디지털 교재 제작,재단법인 국제한국어교육재단,2023-09-26 23:15:00,00,False,False,False,False,False
20230927857,"금호초등학교 AI기반 디지털 학습콘텐츠 위탁 용역 2단게(규겨,가격 동시)입찰 안내공고",광주광역시서부교육청 금호초등학교,2023-09-25 14:56:00,00,False,True,False,False,True
20230921954,2023년 디지털 융합 건강생활실천 체험형교육 위탁용역,전라북도교육청,2023-09-19 17:28:00,00,False,False,False,False,False
20230920726,빅데이터-인공지능(AI) 플랫폼 아이톡톡‘톡톡과학’ 인공지능(AI) 문항 개발 및 디지털화 용역,경상남도교육청 경상남도교육청미래교육원,2023-09-19 11:22:00,00,False,False,True,False,True
20230916379,(긴급) 2023년 디지털 역량 진단조사 용역 전자수의시담,경기도교육청,2023-09-15 09:29:00,01,False,False,False,False,False
20230915840,금호초등학교 AI기반 디지털 학습 콘텐츠 위탁 용역,광주광역시서부교육청 금호초등학교,2023-09-14 14:44:00,00,False,True,False,False,True
20230914349,기술교육로드맵 평생 및 디지털 신기술 분야 개발 용역,한국기술교육대학교,2023-09-13 15:50:00,00,False,False,False,False,False
20230909459,[긴급]양영디지털고 증개축 및 리모델링공사 건설폐기물처리용역(장기계속),경기도교육청 경기도성남교육지원청,2023-09-12 15:31:00,00,False,False,False,False,False
20230908391,2023학년도 디지털이해 융합활용교육 위탁용역 입찰 공고,서울특별시교육청 덕일전자공업고등학교,2023-09-08 13:56:00,00,False,False,False,False,False
20230904052,디지털 분야 프로젝트 기반 훈련과정 개발 및 확산 방안 연구용역,한국기술교육대학교 직업능력심사평가원,2023-09-05 14:56:00,00,False,False,False,False,False
20230832542,2023년 AI 기반 디지털 학습 콘테츠 보급 사업 용역 2단계 [규격·가격 동시] 입찰 공고,대구광역시교육청 대구광역시동부교육지원청 대구팔공중학교,2023-09-04 09:08:00,00,False,False,False,False,True
20230900499,하남시디지털도서관 실감콘텐츠 제작 및 설치 용역 (협상에 의한 계약),경기도 하남시 평생교육원,2023-09-01 17:55:00,00,False,True,False,False,False
20230830301,USG공유대학 디지털 교재 플랫폼 구축 용역,경상국립대학교 경상남도지역혁신플랫폼총괄운영센터 대학교육혁신본부,2023-08-29 07:36:00,00,False,False,True,False,False
20230829877,(긴급)2023년 학교 경영자 디지털 기반 교육혁신 연수,서울특별시교육청,2023-08-28 21:05:00,00,False,False,False,False,False
20230830679,한국의 디지털교육 경험 공유를 위한 온오프라인 연계 컨설팅 도구 2차 개발(수의시담),한국교육학술정보원,2023-08-28 14:12:00,00,False,False,False,False,False
20230829299,2023 대구교육미디어센터 영상기록물 디지털화,대구광역시교육청 대구미래교육연구원,2023-08-25 15:36:00,00,False,False,False,False,False
20230828557,2023. 대구교육미디어센터 영상기록물 디지털화,대구광역시교육청 대구미래교육연구원,2023-08-25 14:39:00,01,False,False,False,False,False
20230826450,기술교육로드맵 평생 및 디지털 신기술 분야 개발 용역,한국기술교육대학교,2023-08-23 17:34:00,00,False,False,False,False,False
20230825034,2023년 디지털 리터러시 지원 사이트 기능고도화 용역,부산광역시교육청,2023-08-22 21:39:00,00,False,False,False,False,False
20230824025,인공지능 기반 디지털 교수학습 플랫폼 다채움 서비스 품질관리용역,충청북도교육청 충청북도교육연구정보원,2023-08-22 17:41:00,00,False,False,True,False,False
20230820421,(긴급) 2023년 디지털 역량 진단조사 용역,경기도교육청,2023-08-18 11:57:00,00,False,False,False,False,False
20230810648,디지털 시민교육 메타버스 플랫폼 구축 계약,경기도교육청,2023-08-09 17:18:00,00,False,False,True,False,False
20230808726,2023. 대구교육미디어센터 영상기록물 디지털화,대구광역시교육청 대구미래교육연구원,2023-08-08 13:49:00,00,False,False,False,False,False
20230801619,2023 디지털 기반 교육혁신 컨퍼런스 및 글로벌 교육·혁신 서밋(GEIS) 행사 대행,(사)에이펙국제교육협력원,2023-08-07 01:44:00,01,False,False,False,False,False
20230804158,한국의 디지털교육 경험 공유를 위한 온오프라인 연계 컨설팅 도구 2차 개발,한국교육학술정보원,2023-08-03 14:06:00,00,False,False,False,False,False
20230803739,2023학년도 부산디지털고등학교 2학년 현장체험학습(수학여행) 위탁용역 입찰 공고,부산광역시교육청 부산디지털고등학교,2023-08-03 10:39:00,00,False,False,False,False,False
20230802006,2023. 대구교육미디어센터 영상기록물 디지털화,대구광역시교육청 대구미래교육연구원,2023-08-02 11:48:00,00,False,False,False,False,False
20230737257,2023 대구교육미디어센터 영상기록물 디지털화 용역,대구광역시교육청 대구미래교육연구원,2023-08-01 18:07:00,01,False,False,False,False,False
20230739666,아동·청소년 디지털성범죄 예방교육 콘텐츠 개발 중장기 로드맵 구축,한국양성평등교육진흥원,2023-07-31 14:20:00,00,False,True,False,False,False
20230730603,[진주교육대학교] 국립대학육성사업 디지털 교육실습록 개발 및 구축 용역,진주교육대학교,2023-07-25 16:47:00,00,False,False,False,False,False
20230719658,인공지능 기반 디지털 교수학습 플랫폼 다채움 고도화 ISMP 용역 사업,충청북도교육청 충청북도교육연구정보원,2023-07-14 14:28:00,00,False,False,True,False,False
20230718062,2023년 충청남도천안교육지원청 학교 역사기록 디지털화 및 기록전시 용역,충청남도교육청 충청남도천안교육지원청,2023-07-14 10:30:00,00,False,False,False,False,False
20230718496,대학생 대상 폭력예방 디지털교육을 위한 이러닝센터 기능 개선,한국양성평등교육진흥원,2023-07-13 17:22:00,00,False,False,False,True,False
20230717955,(재공고)부산디지털대학교 클라우드 위탁운영 관리 사업,교육인적자원부 부산디지털대학교,2023-07-13 14:16:00,00,False,False,False,False,False
20230702478,2023년 디지털 선도학교 튜터 지원 사업,서울특별시교육청,2023-07-04 17:32:00,00,False,False,False,False,False
20230701188,AI 디지털교과서 학습데이터 수집 및 활용 체계 정보화전략계획(ISP) 수립,한국교육학술정보원,2023-07-04 14:21:00,00,True,False,False,False,True
20230700654,초등 정보 AI 디지털교과서 서비스 모델 및 프로토타입 개발 연구(재공고),한국교육학술정보원,2023-07-03 14:27:00,00,True,False,False,False,True
20230700850,중등 수학 AI 디지털교과서 서비스 모델 및 프로토타입 개발 연구(재공고),한국교육학술정보원,2023-07-03 13:49:00,00,True,False,False,False,True
20230700784,[2023-059]초등 수학 AI 디지털교과서 서비스 모델 및 프로토타입 개발 연구(재공고),한국교육학술정보원,2023-07-03 13:33:00,00,True,False,False,False,True
20230700632,중등 영어 AI 디지털교과서 서비스 모델 및 프로토타입 개발 연구(재공고),한국교육학술정보원,2023-07-03 11:29:00,00,True,False,False,False,True
20230639857,2023년 초중등학교 디지털 전환 지표 개발 및 실태조사(수의시담 3차),한국교육학술정보원,2023-06-26 14:38:00,00,False,False,False,False,False
20230639263,2023년 초중등학교 디지털 전환 지표 개발 및 실태조사(수의시담 2차),한국교육학술정보원,2023-06-26 14:25:00,01,False,False,False,False,False
20230639746,"2023년 초,중학생 디지털 리터러시 수행형 평가도구 개선 및 수준 측정 연구(수의시담)",한국교육학술정보원,2023-06-26 14:11:00,00,False,False,False,False,False
20230637329,2023년 초중등학교 디지털 전환 지표 개발 및 실태조사(수의시담),한국교육학술정보원,2023-06-26 10:26:00,01,False,False,False,False,False
20230637460,[긴급] 2023학년도 제천디지털전자고등학교 3학년 해외체험학습 위탁 용역,충청북도교육청 제천디지털전자고등학교,2023-06-23 15:36:00,00,False,False,False,False,False
20230633245,아동·청소년 디지털성범죄 예방교육 콘텐츠 개발 중장기 로드맵 구축,한국양성평등교육진흥원,2023-06-22 11:09:00,00,False,True,False,False,False
20230634999,2023년 디지털시민 초중등 교육용 온라인 콘텐츠 개발(수의시담),한국교육학술정보원,2023-06-22 10:18:00,00,False,True,False,False,False
20230627013,중등 정보 AI 디지털교과서 서비스 모델 및 프로토타입 개발 연구,한국교육학술정보원,2023-06-21 16:38:00,00,True,False,False,False,True
20230628807,초등 수학 AI 디지털교과서 서비스 모델 및 프로토타입 개발 연구,한국교육학술정보원,2023-06-19 16:38:00,00,True,False,False,False,True
20230628905,중등 수학 AI 디지털교과서 서비스 모델 및 프로토타입 개발 연구,한국교육학술정보원,2023-06-19 16:36:00,00,True,False,False,False,True
20230628616,중등 영어 AI 디지털교과서 서비스 모델 및 프로토타입 개발 연구,한국교육학술정보원,2023-06-19 15:28:00,00,True,False,False,False,True
20230628524,초등 영어 AI 디지털교과서 서비스 모델 및 프로토타입 개발 연구,한국교육학술정보원,2023-06-19 15:13:00,00,True,False,False,False,True
20230627012,초등 정보 AI 디지털교과서 서비스 모델 및 프로토타입 개발 연구,한국교육학술정보원,2023-06-19 15:05:00,00,True,False,False,False,True
20230614128,2023년 디지털 선도학교 설명회(워크숍) 운영 용역,서울특별시교육청,2023-06-15 10:30:00,00,False,False,False,False,False
20230614440,2023년 디지털튜터 지원 사업,서울특별시교육청,2023-06-12 17:39:00,00,False,False,False,False,False
20230609880,(긴급)2023년 디지털 러닝 페스티벌 행사 용역,서울특별시교육청,2023-06-08 16:45:00,00,False,False,False,False,False
20230607689,"2023년 초,중학생 디지털 리터러시 수행형 평가도구 개선 및 수준 측정 연구",한국교육학술정보원,2023-06-07 15:02:00,00,False,False,False,False,False
20230607839,교원 전용 디지털콘텐츠 플랫폼 잇다 교원 성장 프로젝트 연수 개발 및 운영,한국교육학술정보원,2023-06-07 15:00:00,00,False,True,True,False,False
20230607578,2023년 초중등학교 디지털 전환 지표 개발 및 실태조사,한국교육학술정보원,2023-06-07 14:31:00,00,False,False,False,False,False
20230601567,[긴급] 2023년 학생 디지털 리더 글로벌 현장학습 운영 용역 입찰 공고,광주광역시교육청,2023-06-01 16:22:00,00,False,False,False,False,False
20230545825,디지털 휴먼 기반 AI튜터의 교육적 적용 방안 연구,한국교육학술정보원,2023-05-31 13:48:00,00,False,False,False,False,True
20230544603,재외동포를 위한 한국어 영어권 디지털 교재 제작,재단법인 국제한국어교육재단,2023-05-30 18:33:00,00,False,False,False,False,False
20230544571,부산디지털대학교 클라우드 위탁운영 관리 사업,교육인적자원부 부산디지털대학교,2023-05-30 18:12:00,00,False,False,False,False,False
20230543794,2023년 디지털시민 초중등 교육용 온라인 콘텐츠 개발,한국교육학술정보원,2023-05-30 15:04:00,00,False,True,False,False,False
20230540748,(가칭)디지털국제문화체험관 구축 입찰 재공고,인천광역시교육청 인천광역시교육청동아시아국제교육원,2023-05-26 09:54:00,00,False,False,False,False,False
20230535284,2023 디지털 취약계층 대상 온라인 문화예술교육 콘텐츠 개발 용역,한국문화예술교육진흥원,2023-05-23 16:18:00,00,False,True,False,False,False
20230534410,양영디지털고등학교 특수건강진단 위탁용역 소액수의 견적제출 재공고,경기도교육청 양영디지털고등학교,2023-05-23 14:49:00,00,False,False,False,False,False
20230530951,재외동포를 위한 한국어 영어권 디지털 교재 제작,재단법인 국제한국어교육재단,2023-05-19 20:16:00,00,False,False,False,False,False
20230525472,양영디지털고등학교 특수건강진단 위탁용역 소액수의 견적제출 공고,경기도교육청 양영디지털고등학교,2023-05-17 15:23:00,00,False,False,False,False,False
20230519833,성인 디지털 문해능력 조사 도구 개발 연구,국가평생교육진흥원,2023-05-15 11:08:00,00,False,False,False,False,False
20230518105,2023년 가상훈련 콘텐츠 개발(디지털 신기술 외 기타 분야),한국기술교육대학교,2023-05-12 15:31:00,00,False,True,False,False,False
20230513488,(가칭)디지털국제문화체험관 구축(긴급),인천광역시교육청 인천광역시교육청동아시아국제교육원,2023-05-10 10:37:00,00,False,False,False,False,False
20230510409,2023년도 이러닝 콘텐츠 개발(디지털신기술 2차),한국기술교육대학교,2023-05-08 19:18:00,00,False,True,False,True,False
20230506914,2023년도 이러닝 콘텐츠 개발(디지털신기술 3차),한국기술교육대학교,2023-05-04 15:47:00,00,False,True,False,True,False
20230507421,2023년도 이러닝 콘텐츠 개발(디지털신기술 4차),한국기술교육대학교,2023-05-04 15:45:00,00,False,True,False,True,False
20230507125,AI 디지털교과서 발행 체제 및 법제도 개선방안 연구(수의시담),한국교육학술정보원,2023-05-04 12:10:00,00,True,False,False,False,True
20230504785,2023년 중요기록물 디지털화 사업 위탁 용역,인천광역시교육청,2023-05-03 15:03:00,00,False,False,False,False,False
20230503884,고교 첨단 디지털 분야 확대 연구,한국기술교육대학교 직업능력심사평가원,2023-05-02 18:52:00,00,False,False,False,False,False
20230500541,경상국립대학교 통합도서관 디지털 관리운영시스템 구축,경상국립대학교 부속기관 교육기본시설 도서관,2023-05-02 11:00:00,00,False,False,False,False,False
20230444819,성인 디지털 문해능력 조사 도구 개발 연구,국가평생교육진흥원,2023-04-27 14:54:00,00,False,False,False,False,False
20230435037,2023년 이러닝 콘텐츠 개발(디지털 신기술 1차),한국기술교육대학교,2023-04-24 09:25:00,00,False,True,False,True,False
20230433833,2023년 디지털교육시스템 유지관리 및 기능개선 사업,한국교육개발원,2023-04-20 17:35:00,00,False,False,False,False,False
20230432924,2023년 디지털 시민성 교육 콘텐츠 개발 및 전문 강사 양성,서울특별시 평생교육진흥원,2023-04-20 10:29:00,00,False,True,False,False,False
20230432324,"부산디지털대학교 2023년 광고 기획 및 제작, 집행",교육인적자원부 부산디지털대학교,2023-04-19 18:51:00,00,False,False,False,False,False
20230401747,2023년 디지털교육 플랫폼 운영 사업,부산광역시교육청 부산광역시미래교육원,2023-04-18 14:37:00,00,False,False,True,False,False
20230426716,보훈교육연구원 디지털 실감형 보훈학습 콘텐츠 개발 및 체험환경 조성 용역,한국보훈복지의료공단보훈교육연구원,2023-04-18 11:32:00,00,False,True,False,False,False
20230421710,2023학년도 한국디지털미디어고등학교 주제별 체험학습(수학여행) 위탁용역 입찰공고,경기도교육청 한국디지털미디어고등학교,2023-04-13 15:51:00,00,False,False,False,False,False
20230419769,AI 디지털교과서 발행 체제 및 법제도 개선방안 연구,한국교육학술정보원,2023-04-12 17:39:00,00,True,False,False,False,True
20230417563,성인 디지털 문해능력 조사 도구 개발 연구,국가평생교육진흥원,2023-04-12 17:18:00,00,False,False,False,False,False
20230407493,보훈교육연구원 디지털 실감형 보훈학습 콘텐츠 개발 및 체험환경 조성 용역,한국보훈복지의료공단보훈교육연구원,2023-04-06 11:45:00,00,False,True,False,False,False
20230403163,(2023 위탁연구)「디지털 기반 교육 혁신 방안」의 안착을 위한 기반 조성 및 현장 지원 방안,서울특별시교육청 서울특별시교육청교육연구정보원,2023-04-04 14:06:00,00,False,False,False,False,False
20230350377,「2023 학교로 찾아가는 학생 디지털 성범죄예방교육 사업」위탁용역,서울특별시교육청,2023-03-28 10:25:00,00,False,False,False,False,False
20230345798,부산디지털고등학교 외부창호교체 및 기타공사 설계용역,부산광역시교육청 부산디지털고등학교,2023-03-24 13:41:00,00,False,False,False,False,False
20230333362,"양영디지털고 교사1,2,4호동 내진보강설계 제3자검토 용역",경기도교육청 경기도성남교육지원청,2023-03-21 13:40:00,00,False,False,False,False,False
20230332395,2023년도 방송중·고 디지털 학습 콘텐츠 개발 및 유지관리 사업,한국교육개발원,2023-03-20 14:20:00,00,False,True,False,False,False
20230334660,유아를 위한 디지털 교육 지원 방안 마련 기초 연구,교육부,2023-03-20 13:14:00,00,False,False,False,False,False
20230331858,2023년 디지털교육 에듀테크 국내외 동향 조사 발간(재공고),한국교육학술정보원,2023-03-17 15:24:00,00,False,False,False,False,False
20230309655,2023년 K-디지털 트레이닝 해커톤 운영 대행 용역,한국기술교육대학교 직업능력심사평가원,2023-03-08 09:02:00,00,False,False,False,False,False
20230302240,2023년 교류협력국 교육정보화 지원(KLIC) 사업 디지털 교육 인프라 운송용역,(사)에이펙국제교육협력원,2023-03-06 17:55:00,01,False,False,False,False,False
20230305181,2023년 디지털교육시스템 유지관리 및 기능개선 사업,한국교육개발원,2023-03-06 14:42:00,00,False,False,False,False,False
20230305602,2023년 디지털교육 에듀테크 국내외 동향 조사 발간,한국교육학술정보원,2023-03-06 13:46:00,00,False,False,False,False,False
20230302778,(가칭)디지털국제문화체험관 전시 실시 설계 용역,인천광역시교육청 인천광역시교육청동아시아국제교육원,2023-03-03 10:09:00,00,False,False,False,False,False
20230241851,2023년 디지털교육 플랫폼 운영 사업,부산광역시교육청 부산광역시미래교육원,2023-02-27 17:48:00,00,False,False,True,False,False
20230239942,양영디지털고 교사1호동(신관) 내진보강설계 및 기술감리 용역,경기도교육청 경기도성남교육지원청,2023-02-24 16:24:00,00,False,False,False,False,False
20230235517,2023년 디지털 인재 양성을 위한 교원역량 강화 원격직무연수 민간 위탁운영,부산광역시교육청 부산광역시미래교육원,2023-02-22 15:17:00,00,False,False,False,False,False
20230224566,2023년 K-디지털 트레이닝 해커톤 운영 대행 용역,한국기술교육대학교 직업능력심사평가원,2023-02-16 10:48:00,00,False,False,False,False,False
20230221196,2023년 디지털 인재 양성을 위한 교원역량 강화 원격직무연수 민간 위탁운영,부산광역시교육청 부산광역시미래교육원,2023-02-14 15:53:00,00,False,False,False,False,False
20230219300,부산디지털대학교 차세대 학습관리시스템(LMS) 도입 및 학습포털 구축,교육인적자원부 부산디지털대학교,2023-02-13 18:14:00,00,False,False,False,False,False
20230217987,(긴급)디지털교육 선진 정책 및 우수사례 조사 국외연수 위탁 용역,부산광역시교육청,2023-02-13 14:05:00,00,False,False,False,False,False
20230210491,제천디지털전자고 2023학년도 통학버스 임차용역,충청북도교육청 제천디지털전자고등학교,2023-02-08 17:09:00,00,False,False,False,False,False
20230204875,부산디지털고등학교 2023학년도 운반위탁급식 납품업체 선정 긴급 입찰,부산광역시교육청 부산디지털고등학교,2023-02-06 09:53:00,01,False,False,False,False,False
20230200594,2023년 디지털 인재 양성을 위한 교원역량 강화 원격직무연수 민간 위탁운영,부산광역시교육청 부산광역시미래교육원,2023-02-01 11:43:00,00,False,False,False,False,False
20230127017,양영디지털고 교사2호동 및 4호동 내진보강설계 및 기술감리 용역,경기도교육청 경기도성남교육지원청,2023-01-31 13:23:00,00,False,False,False,False,False
20230115758,부산디지털대학교 2023년 원격대학 교육혁신 지원사업 콘텐츠 제작 용역,교육인적자원부 부산디지털대학교,2023-01-16 19:13:00,00,False,True,False,False,False
20221239905,3차연도 디지털리터러시 콘텐츠 개발 및 라이선스 구입 용역,경상국립대학교 경상남도지역혁신플랫폼총괄운영센터 대학교육혁신본부,2022-12-23 14:09:00,00,False,True,False,False,False
20221220674,2023년 디지털교과서 서비스 운영 및 유지관리,한국교육학술정보원,2022-12-13 11:18:00,00,True,False,False,False,False
20221206239,K디지털 트레이닝 교강사 Pool 구축사업,한국기술교육대학교,2022-12-05 15:43:00,00,False,False,False,False,False
20221205290,USG공통교양 자연과학 및 디지털리터러시분야(항공우주원리) 실감형 콘텐츠 개발 용역,경상국립대학교 경상남도지역혁신플랫폼총괄운영센터 대학교육혁신본부,2022-12-05 10:49:00,00,False,True,False,False,False
20221204697,2022년 디지털교육 플랫폼 구축 사업,부산광역시교육청 부산광역시미래교육원,2022-12-05 09:51:00,00,False,False,True,False,False
20221140212,해외 초·중등학교 한국어 디지털 교재 뷰어 개발 및 서비스 사이트 구축,재단법인 국제한국어교육재단,2022-11-25 21:45:00,00,False,False,False,False,False
20221127447,2023년 디지털교과서 서비스 운영 및 유지관리,한국교육학술정보원,2022-11-18 10:10:00,00,True,False,False,False,False
20221118947,해외 초·중등학교 한국어 디지털 교재 뷰어 개발 및 서비스 사이트 구축,재단법인 국제한국어교육재단,2022-11-14 12:32:00,00,False,False,False,False,False
20221112597,양영디지털고 증개축 및 리모델링공사 건설사업관리용역,경기도교육청 경기도성남교육지원청,2022-11-09 15:27:00,00,False,False,False,False,False
20221109151,디지털 기반 학습이력 관리체계 도입 방안 연구,교육부,2022-11-07 14:17:00,00,False,False,False,False,False
20221036650,2023년도 교원 전용 디지털콘텐츠 플랫폼 잇다(ITDA) 운영 및 유지관리,한국교육학술정보원,2022-10-31 17:23:00,00,False,True,True,False,False
20221036792,교육과정 연계 디지털 리터러시 교수학습 자료 개발,한국교육학술정보원,2022-10-31 16:50:00,00,False,False,False,False,False
20221033584,2022년 디지털교육 플랫폼 구축 사업,부산광역시교육청 부산광역시미래교육원,2022-10-31 10:58:00,00,False,False,True,False,False
20221032853,디지털 기반 학습이력 관리체계 도입 방안 연구,교육부,2022-10-27 13:45:00,00,False,False,False,False,False
20221024308,2023년도 방송중·고운영센터 및 디지털교육연구실 통합 CDN 서비스 운영 사업,한국교육개발원,2022-10-21 16:54:00,00,False,False,False,False,False
20221016296,2023년 디지털교과서 서비스 운영 및 유지관리,한국교육학술정보원,2022-10-17 15:20:00,00,True,False,False,False,False
20221009128,통합 홈페이지 개편 및 디지털 관리체계 구축 사업 수행,재단법인 경기도평생교육진흥원,2022-10-11 16:53:00,00,False,False,False,False,False
20221006334,교육과정 연계 디지털 리터러시 교수학습 자료 개발,한국교육학술정보원,2022-10-07 15:49:00,00,False,False,False,False,False
20221004534,부산수학문화관 영상관 디지털 실감 콘텐츠 제작 용역,부산광역시교육청,2022-10-06 12:13:00,00,False,True,False,False,False
20221001790,2022년 디지털 인재양성을 위한 교원 역량강화 원격직무연수 민간위탁 운영,부산광역시교육청 부산광역시미래교육원,2022-10-05 15:47:00,00,False,False,False,False,False
20221001900,디지털농업ODA 성과 중심 사업관리 개선,농림수산식품교육문화정보원,2022-10-04 19:29:00,00,False,False,False,False,False
20220931105,군자디지털과학고 그린스마트 미래학교 사전기획용역 소액수의 견적제출 안내공고,경기도교육청 경기도시흥교육지원청,2022-09-30 16:27:00,00,False,False,False,False,False
20220922857,2022년 미래유망분야 고졸인력 양성사업 디지털 기술분야 고졸수준 직무발굴 연구용역,한국기술교육대학교산학협력단,2022-09-23 14:03:00,00,False,False,False,False,False
20220921350,교육과정 연계 디지털 리터러시 교수학습 자료 개발,한국교육학술정보원,2022-09-22 16:37:00,00,False,False,False,False,False
20220916718,2022년 디지털신기술분야 실습효과 향상방안 연구,한국기술교육대학교,2022-09-19 16:48:00,00,False,False,False,False,False
20220910741,디지털 융합 콘텐츠 개발(스마트시티(도시교통) 분야),한국기술교육대학교,2022-09-14 15:22:00,00,False,True,False,False,False
20220909070,해외 초·중등학교 한국어 디지털 교재 제작,재단법인 국제한국어교육재단,2022-09-13 15:04:00,00,False,False,False,False,False
20220904652,디지털 전환을 위한 대학도서관 전문사서 양성 커리큘럼 개발 연구(수의시담),한국교육학술정보원,2022-09-06 13:28:00,00,False,False,False,False,False
20220902482,해외 초·중등학교 한국어 디지털 교재 제작,재단법인 국제한국어교육재단,2022-09-02 17:58:00,00,False,False,False,False,False
20220830575,2022년 디지털교과서 뷰어 및 플랫폼 기능개선,한국교육학술정보원,2022-08-30 19:11:00,00,True,False,True,False,False
20220817397,[긴급]2022 대구수학체험센터 디지털 수학체험 콘텐츠 개발 용역,대구광역시교육청 대구창의융합교육원,2022-08-19 11:32:00,00,False,True,False,False,False
20220816193,디지털 전환을 위한 대학도서관 전문사서 양성 커리큘럼 개발 연구,한국교육학술정보원,2022-08-16 18:19:00,01,False,False,False,False,False
20220810127,디지털 융합 콘텐츠 개발(스마트시티(도시교통) 분야),한국기술교육대학교,2022-08-10 15:45:00,00,False,True,False,False,False
20220802516,교원 전용 디지털콘텐츠 플랫폼 잇다(ITDA) 수업 꾸러미 제작,한국교육학술정보원,2022-08-03 16:00:00,00,False,True,True,False,False
20220731051,2022년 디지털교과서 뷰어 및 플랫폼 기능개선,한국교육학술정보원,2022-07-27 17:24:00,00,True,False,True,False,False
20220728167,"디지털 융합 콘텐츠 개발(5G, IoT)",한국기술교육대학교,2022-07-26 14:13:00,00,False,True,False,False,False
20220723812,교원 전용 디지털콘텐츠 플랫폼 잇다(ITDA) 수업 꾸러미 제작,한국교육학술정보원,2022-07-20 17:55:00,00,False,True,True,False,False
20220714602,양영디지털고 증개축공사 설계VE용역,경기도교육청 경기도성남교육지원청,2022-07-13 18:04:00,00,False,False,False,False,False
20220712552,2022년 초중등학교 디지털 전환 실태조사 및 활용 모델 연구,한국교육학술정보원,2022-07-11 17:50:00,00,False,False,False,False,False
20220635778,교원 전용 디지털콘텐츠 플랫폼 잇다(ITDA) 수업 꾸러미 제작,한국교육학술정보원,2022-06-27 19:16:00,00,False,True,True,False,False
20220636570,2022년 국정 디지털교과서 수정.보완 사업,교육부,2022-06-27 17:29:00,00,True,False,False,False,False
20220635072,2022년 중요기록물 디지털화 사업,인천광역시교육청,2022-06-27 11:30:00,00,False,False,False,False,False
20220629987,2022년 초중등학교 디지털 전환 실태조사 및 활용 모델 연구,한국교육학술정보원,2022-06-21 17:48:00,00,False,False,False,False,False
20220629744,2022년 초중등학교 디지털 전환 실태조사 및 활용 모델 연구,한국교육학술정보원,2022-06-21 17:30:00,01,False,False,False,False,False
20220618421,"양영디지털고 그린스마트 미래학교 개축 및 리모델링 전기, 통신, 전기소방공사 설계용역",경기도교육청 경기도성남교육지원청,2022-06-15 17:19:00,00,False,False,False,False,False
20220612730,2022학년도 부산디지털고등학교 현장체험학습(수학여행) 위탁용역,부산광역시교육청 부산디지털고등학교,2022-06-13 08:57:00,00,False,False,False,False,False
20220604153,교육격차 해소를 위한 디지털 기술 적용 방안 연구,한국교육학술정보원,2022-06-03 18:24:00,00,False,False,False,False,False
20220603738,교육격차 해소를 위한 디지털 기술 적용 방안 연구,한국교육학술정보원,2022-06-03 18:03:00,01,False,False,False,False,False
20220603848,2022년 국정 디지털교과서 수정.보완 사업,교육부,2022-06-03 17:52:00,00,True,False,False,False,False
20220545310,2022년 디지털교육시스템 유지관리 및 기능개선 사업,한국교육개발원,2022-06-02 09:21:00,00,False,False,False,False,False
20220542371,2022년도 이러닝 콘텐츠 개발(디지털 신기술 3차),한국기술교육대학교,2022-05-30 17:55:00,00,False,True,False,True,False
20220542212,2022년도 이러닝 콘텐츠 개발(디지털 신기술 2차),한국기술교육대학교,2022-05-30 17:54:00,00,False,True,False,True,False
20220539046,2022. 디지털 리터러시 역량강화를 위한 지원자료 및 콘텐츠 개발 용역,충청북도교육청,2022-05-27 13:38:00,00,False,True,False,False,False
20220537397,부산디지털대학교 차세대 학습관리시스템(LMS) 도입 및 학습포털 구축 사업,교육인적자원부 부산디지털대학교,2022-05-25 18:32:00,00,False,False,False,False,False
20220522189,"양영디지털고 교사2,3,4호동 내진성능평가용역",경기도교육청 경기도성남교육지원청,2022-05-24 17:41:00,00,False,False,False,False,False
20220530736,2022년 중요기록물 디지털화 사업,인천광역시교육청,2022-05-23 11:56:00,00,False,False,False,False,False
20220528672,남산도서관 (가칭)디지털라운지 조성 공사 건설폐기물처리용역,서울특별시교육청 서울특별시교육청교육시설관리본부,2022-05-20 09:30:00,00,False,False,False,False,False
20220522112,K-디지털 플랫폼 사업 효과성 분석 및 사업 활성화 방안 연구,한국기술교육대학교산학협력단,2022-05-17 10:34:00,00,False,False,True,False,False
20220518272,2022년도 방송중·고 디지털 학습 콘텐츠 개발 및 유지관리 사업,한국교육개발원,2022-05-13 16:50:00,00,False,True,False,False,False
20220515614,2022년 국가수준 초·중학생 디지털 리터러시 수준 측정 연구(수의시담),한국교육학술정보원,2022-05-12 10:55:00,00,False,False,False,False,False
20220444156,2022년 국정 디지털교과서 수정.보완 사업,교육부,2022-05-12 10:26:00,00,True,False,False,False,False
20220509467,2022년 디지털교육시스템 유지관리 및 기능개선 사업,한국교육개발원,2022-05-10 10:13:00,00,False,False,False,False,False
20220501112,"디지털교육도시, 인천 학생용 노트북 유지관리",인천광역시교육청,2022-05-03 15:52:00,00,False,False,False,False,False
20220446432,디지털 기술 활용 교육 정책 과제 발굴 및 제도 정비 방안 연구,교육부,2022-04-28 15:03:00,00,False,False,False,False,False
20220438878,2022년도 이러닝 콘텐츠 개발(디지털 신기술 1차),한국기술교육대학교,2022-04-25 14:55:00,00,False,True,False,True,False
20220437251,디지털 기술 활용 교육 정책 과제 발굴 및 제도 정비 방안 연구,교육부,2022-04-22 14:49:00,00,False,False,False,False,False
20220433718,2022년 국가수준 초·중학생 디지털 리터러시 수준 측정 연구,한국교육학술정보원,2022-04-20 17:56:00,00,False,False,False,False,False
20220426620,부산디지털대학교 2022년 광고기획 및 제작,교육인적자원부 부산디지털대학교,2022-04-18 10:28:00,00,False,False,False,False,False
20220417726,2022년 학교 중요기록물 디지털화 용역사업,경상남도교육청 경상남도하동교육지원청,2022-04-13 13:50:00,00,False,False,False,False,False
20220414413,디지털 기술 활용 교육 정책 과제 발굴 및 제도 정비 방안 연구,교육부,2022-04-11 10:45:00,00,False,False,False,False,False
20220411422,2022 개정 교육과정 대비 디지털교과서 개선 방안 연구,한국교육학술정보원,2022-04-07 18:04:00,00,True,False,False,False,False
20220404913,2022년 디지털교육시스템 유지관리 및 기능개선 사업,한국교육개발원,2022-04-05 15:25:00,00,False,False,False,False,False
20220405261,2022년 교원 디지털 기반 에듀테크 역량강화 원격직무연수 민간위탁운영,부산광역시교육청 부산광역시미래교육원,2022-04-05 11:12:00,00,False,False,False,False,False
20220403666,군자디지털과학고 태양광발전장치 설치 전기감리용역 소액수의 견적제출 안내공고,경기도교육청 경기도시흥교육지원청,2022-04-04 16:13:00,00,False,False,False,False,False
20220400081,2022년 학교 중요기록물 디지털화(전자화) 사업 용역,경상남도교육청 경상남도하동교육지원청,2022-04-01 15:10:00,00,False,False,False,False,False
20220343802,디지털 기반 유치원 교수·학습·평가(관찰) 관련 제도 정비 및 구현 방안 연구,교육부,2022-03-28 13:56:00,00,False,False,False,False,False
20220335348,디지털 시민성 교육과정 및 운영방안 연구,서울특별시 평생교육진흥원,2022-03-23 09:22:00,00,False,False,False,False,False
20220322190,2022년 디지털교육 국내외 동향 조사·발간,한국교육학술정보원,2022-03-15 17:55:00,00,False,False,False,False,False
20220313644,2022년 디지털교육 국내외 동향 조사·발간,한국교육학술정보원,2022-03-15 17:32:00,01,False,False,False,False,False
20220311856,"디지털교육도시, 인천 학생용 노트북 유지관리",인천광역시교육청,2022-03-11 15:11:00,00,False,False,False,False,False
20220309979,2022. 학교로 찾아가는 학생 디지털성범죄예방 교육사업 위탁용역,서울특별시교육청,2022-03-08 09:52:00,00,False,False,False,False,False
20220306221,2022년 디벗 활용 교육 강화를 위한 디지털 튜터 지원 사업,서울특별시교육청,2022-03-04 16:00:00,00,False,False,False,False,False
20220301932,2022년 디벗 활용 교육 강화를 위한 디지털 튜터 지원 사업,서울특별시교육청,2022-03-04 14:40:00,01,False,False,False,False,False
20220226897,2022년 K-디지털 트레이닝 해커톤 운영 대행 용역,한국기술교육대학교 직업능력심사평가원,2022-02-23 15:45:00,00,False,False,False,False,False
20220228549,범부처 디지털 리터러시 정책 개선방안,교육부,2022-02-21 16:15:00,00,False,False,False,False,False
20220225662,(긴급)2022~2026학년도 상명사대부속초등학교 스마트 교실 디지털/온라인 학습프로그램 공급,서울특별시중부교육청 상명대학교사범대학부속초등학교,2022-02-18 13:28:00,00,False,False,False,False,False
20220224689,디지털 농업 대전환을 위한 농정원 정보화 조직 선진화 방안 연구,농림수산식품교육문화정보원,2022-02-17 19:38:00,00,False,False,False,False,False
20220216905,2022 arte라이브러리 및 디지털아카이브 운영 위탁 사업,한국문화예술교육진흥원,2022-02-14 17:21:00,00,False,False,False,False,False
20220213170,2022~2026학년도 상명사대부속초등학교 스마트 교실 디지털/온라인 학습프로그램 공급,서울특별시중부교육청 상명대학교사범대학부속초등학교,2022-02-11 14:13:00,00,False,False,False,False,False
20220207175,한국디지털미디어고등학교 청소용역 업체선정 입찰공고,경기도교육청 한국디지털미디어고등학교,2022-02-08 11:18:00,00,False,False,False,False,False
20220206999,부산디지털고등학교 2022학년도 운반위탁급식 납품업체 선정 입찰 공고(긴급),부산광역시교육청 부산디지털고등학교,2022-02-08 10:36:00,00,False,False,False,False,False
2022,LX국토정보교육원 디지털 교육훈련체계 수립,한국국토정보공사 국토정보교육원,2022-02-08 00:00:00,000022,False,False,False,False,False
20220116617,제천디지털전자고 2022학년도 통학버스 임차용역,충청북도교육청 제천디지털전자고등학교,2022-02-04 10:12:00,00,False,False,False,False,False
20220104348,한국디지털미디어고등학교 학교급식 전부위탁 및 부분위탁 용역업체 선정 입찰공고,경기도교육청 한국디지털미디어고등학교,2022-01-06 16:59:00,00,False,False,False,False,False
20220102369,2022년 디지털교과서 뷰어 및 플랫폼 유지관리,한국교육학술정보원,2022-01-05 13:44:00,00,True,False,True,False,False
20211244121,교원 전용 디지털콘텐츠 플랫폼 잇다(ITDA) 운영 및 유지관리,한국교육학술정보원,2021-12-30 15:42:00,00,False,True,True,False,False
20211238844,[국립대학육성사업] 디지털 트랜스 랩 구축,경상국립대학교 교육혁신처,2021-12-24 10:13:00,00,False,False,False,False,False
20211137762,디지털교과서 연계 학습자료 공유 체계 개발,한국교육학술정보원,2021-11-25 18:06:00,00,True,False,False,False,False
20211132015,2022년 디지털교과서 뷰어 및 플랫폼 유지관리,한국교육학술정보원,2021-11-23 18:27:00,00,True,False,True,False,False
20211116121,디지털교과서 연계 실감형콘텐츠 보급 개선 시범 사업,한국교육학술정보원,2021-11-11 13:17:00,00,True,True,False,False,False
20211105656,2022년도 디지털교육연구센터 통합 CDN 서비스 운영 사업,한국교육개발원,2021-11-04 10:40:00,00,False,False,False,False,False
20211033545,한국 식품시스템 디지털화 현황분석 및 ODA모델 수립,농림수산식품교육문화정보원,2021-10-28 15:24:00,00,False,False,False,False,False
20210427051,양영디지털고 외 3교 전기용량증설 전기공사 설계용역,경기도교육청 경기도성남교육지원청,2021-04-19 17:56:00,00,False,False,False,False,False
20210424766,2021년 스쿨포유 초등과정 디지털 학습 콘텐츠 개발 사업,한국교육개발원,2021-04-16 14:08:00,00,False,True,False,False,False
20210421959,부산디지털대학교 홈페이지 개편 사업,교육인적자원부 부산디지털대학교,2021-04-14 17:17:00,00,False,False,False,False,False
20210412653,시민도서관 디지털자료실 및 공용공간 리모델링 인테리어 설계용역 소액수의 견적제출 공고,부산광역시교육청 부산광역시립시민도서관,2021-04-14 16:49:00,00,False,False,False,False,False
20210413845,부산디지털대학교 수강신청시스템 구축 사업,교육인적자원부 부산디지털대학교,2021-04-09 10:56:00,00,False,False,False,False,False
20210409336,2021년 중요기록물 디지털화 사업,인천광역시교육청,2021-04-07 11:09:00,00,False,False,False,False,False
20210407594,디지털 전환 대응 포용적 미래교육 거버넌스 구축 방안 연구,한국교육학술정보원,2021-04-06 13:36:00,00,False,False,False,False,False
20210403046,2021 디지털 신기술 실무인재양성 해커톤 대회 행사대행 용역,한국기술교육대학교 직업능력심사평가원,2021-04-02 14:56:00,00,False,False,False,False,False
20210348647,경남 USG공유대학 디지털영상 자원관리시스템 구축,경상국립대학교 경상남도지역혁신플랫폼총괄운영센터 대학교육혁신본부,2021-03-27 12:48:00,00,False,False,False,False,False
20210340552,2021 디지털 신기술 산업 미래인재 인재양성 연구,한국기술교육대학교 직업능력심사평가원,2021-03-23 14:24:00,00,False,False,False,False,False
20210319231,2021년 안산형 현상기반 미래교육 플랫폼 운영기관(디지털리터러시) 선정,경기도교육청 경기도안산교육지원청 슬기초등학교,2021-03-15 08:36:00,00,False,False,True,False,False
20210319981,2021년 학교 중요기록물 디지털화 사업 용역 수의계약 안내 공고,경상남도교육청 경상남도하동교육지원청,2021-03-11 19:08:00,00,False,False,False,False,False
20210317680,2021년 디지털교과서 플랫폼 서비스 운영 및 유지관리,한국교육학술정보원,2021-03-11 18:12:00,00,True,False,True,False,False
20210236550,2021 arte라이브러리 및 디지털아카이브 운영 위탁 사업,한국문화예술교육진흥원,2021-03-05 13:55:00,02,False,False,False,False,False
20210301118,2021년 국정 디지털교과서 수정보완 사업,교육부,2021-03-03 16:57:00,00,True,False,False,False,False
20210237777,디지털 신기술 인력양성사업 트랙구축 체계 수립 연구,한국기술교육대학교 직업능력심사평가원,2021-02-25 12:55:00,00,False,False,False,False,False
20210237588,포스트코로나 대비 장애학생을 위한 디지털교과서 개발 방안 연구,교육부 국립특수교육원 총무과,2021-02-25 11:02:00,00,True,False,False,False,False
20210229047,군자디지털과학고등학교 2021년도 경기도기능경기대회 경기장 구성 입찰공고,경기도교육청 군자디지털과학고등학교,2021-02-19 12:48:00,00,False,False,False,False,False
20210228977,군자디지털과학고등학교 2021년도 경기도기능경기대회 경기장 구성 입찰 공고,경기도교육청 군자디지털과학고등학교,2021-02-19 12:41:00,01,False,False,False,False,False
20210211787,한국디지털미디어고등학교 청소용역 업체선정 입찰공고,경기도교육청 한국디지털미디어고등학교,2021-02-08 16:37:00,00,False,False,False,False,False
20210211384,2021 디지털 신기술 산업 미래인재 인재양성 연구,한국기술교육대학교 직업능력심사평가원,2021-02-08 15:45:00,00,False,False,False,False,False
20210210508,포스트코로나 대비 장애학생을 위한 디지털교과서 개발 방안 연구,교육부 국립특수교육원 총무과,2021-02-08 10:15:00,00,True,False,False,False,False
20210204860,부산디지털고등학교 운반위탁급식 납품업체 선정 입찰,부산광역시교육청 부산디지털고등학교,2021-02-03 12:20:00,01,False,False,False,False,False
20210111222,제천디지털전자고 2021학년도 통학버스 임차용역,충청북도교육청 제천디지털전자고등학교,2021-01-28 10:42:00,00,False,False,False,False,False
20201232777,부산디지털대학교 클라우드 이전 사업,교육인적자원부 부산디지털대학교,2020-12-21 13:39:00,00,False,False,False,False,False
20201225598,군자디지털과학고 체육관 및 급식소 증축공사 (상주)감리용역 제한경쟁 입찰공고,경기도교육청 경기도시흥교육지원청,2020-12-15 20:41:00,00,False,False,False,False,False
20201206033,2021년 디지털교육 글로벌 동향 조사·발간,한국교육학술정보원,2020-12-03 19:40:00,00,False,False,False,False,False
20201118491,디지털교과서 활용 안내 및 수업사례 동영상 개발,한국교육학술정보원,2020-11-16 16:43:00,00,True,False,False,False,False
20201103362,학교협동조합 디지털 아카이브 구축 용역(1차년),국가평생교육진흥원,2020-11-03 16:58:00,00,False,False,False,False,False
20201017644,2021년 디지털교과서 뷰어 유지관리,한국교육학술정보원,2020-10-27 13:58:00,00,True,False,False,False,False
20201027914,2021년도 디지털교육연구센터 통합 CDN 서비스 운영 사업,한국교육개발원,2020-10-27 13:16:00,00,False,False,False,False,False
20201017810,학교협동조합 디지털 아카이브 구축 용역(1차년),국가평생교육진흥원,2020-10-19 16:51:00,00,False,False,False,False,False
20200905809,디지털 신기술 인재양성 미래전략 연구,한국기술교육대학교 직업능력심사평가원,2020-09-07 12:39:00,00,False,False,False,False,False
20200827339,디지털 신기술 인재양성 미래전략 연구,한국기술교육대학교 직업능력심사평가원,2020-08-31 11:28:00,00,False,False,False,False,False
20200825670,KEDI 정보자료 디지털화 및 시스템 구축 사업,한국교육개발원,2020-08-28 13:42:00,00,False,False,False,False,False
20200810952,흡연예방·금연실천 및 디지털성폭력예방 공모전 위탁운영 용역,부산광역시교육청,2020-08-12 17:51:00,00,False,False,False,False,False
20200804336,KEDI 정보자료 디지털화 및 시스템 구축 사업,한국교육개발원,2020-08-06 16:29:00,00,False,False,False,False,False
20200730208,흡연예방·금연실천 및 디지털성폭력예방 공모전 위탁운영 용역,부산광역시교육청,2020-07-28 19:13:00,00,False,False,False,False,False
20200720752,2020년 디지털교과서 연구선도학교 학생 및 교원 역량 변화 조사 분석,한국교육학술정보원,2020-07-20 15:38:00,00,True,False,False,False,False
20200714494,2020년 국정 디지털교과서 수정보완 사업 계약,교육부,2020-07-15 16:03:00,00,True,False,False,False,False
20200715343,디지털 신기술 분야 훈련 운영체계 및 모델 연구,한국기술교육대학교,2020-07-15 07:44:00,00,False,False,False,False,False
20200709338,2020년 중요기록물 디지털화 사업 용역,인천광역시교육청,2020-07-09 15:37:00,00,False,False,False,False,False
20200708927,2020년 중요기록물 디지털화 사업 용역 수의계약 안내 공고,경상남도교육청 경상남도하동교육지원청,2020-07-08 18:28:00,00,False,False,False,False,False
20200638539,군자디지털과학고 교사2동 내진보강(구조) 설계용역 소액수의 견적제출 안내공고,경기도교육청 경기도시흥교육지원청,2020-06-28 20:58:00,00,False,False,False,False,False
20200636807,군자디지털과학고 교사2동 내진보강(구조) 설계용역 소액수의 견적제출 안내공고,경기도교육청 경기도시흥교육지원청,2020-06-26 15:50:00,01,False,False,False,False,False
20200620788,2020년 국정 디지털교과서 수정보완 사업 계약,교육부,2020-06-15 17:25:00,00,True,False,False,False,False
20200614539,2020년 중요기록물 디지털화 사업 용역,인천광역시교육청,2020-06-10 13:29:00,00,False,False,False,False,False
20200612905,2020년 중요기록물 디지털화 사업 용역 수의계약 안내 공고,경상남도교육청 경상남도양산교육지원청,2020-06-10 11:02:00,00,False,False,False,False,False
20200605981,2020학년도 부산디지털고등학교 2학년 수학여행 용역 입찰공고,부산광역시교육청 부산디지털고등학교,2020-06-04 12:04:00,01,False,False,False,False,False
20200534133,중학교 사회·과학 디지털교과서 연계 교과융합형·심화형 실감형콘텐츠 개발,한국교육학술정보원,2020-06-01 16:01:00,00,True,True,False,False,False
20200533118,2020년 교육부 디지털 정책홍보 활성화 사업 계약,교육부,2020-05-26 17:56:00,00,False,False,False,False,False
20200526444,"군자디지털과학고 교사동(1,3,4동) 내진성능평가 용역",경기도교육청 경기도시흥교육지원청,2020-05-21 14:27:00,00,False,False,False,False,False
20200519514,2020년 방송중·고 디지털 학습 콘텐츠 개발 및 유지관리 사업,한국교육개발원,2020-05-18 17:10:00,00,False,True,False,False,False
20200516075,2020년 중요기록물 디지털화 사업 용역,인천광역시교육청,2020-05-14 17:01:00,00,False,False,False,False,False
